model,split,candidate_id,match_id,y_true,probability,threshold,y_pred
temporal_gnn,train,J03WMX_P1_F23356,J03WMX,1,0.6825416088104248,0.7509850263595581,0
temporal_gnn,train,J03WOY_P1_F64817,J03WOY,1,0.8243539929389954,0.7509850263595581,1
temporal_gnn,train,J03WR9_P1_F11586,J03WR9,1,0.6479334831237793,0.7509850263595581,0
temporal_gnn,train,J03WMX_P1_F56314,J03WMX,1,0.6849198341369629,0.7509850263595581,0
temporal_gnn,train,J03WOH_P1_F37283,J03WOH,1,0.5928643941879272,0.7509850263595581,0
temporal_gnn,train,J03WN1_P1_F14537,J03WN1,1,0.8853406310081482,0.7509850263595581,1
temporal_gnn,train,J03WMX_P2_F112306,J03WMX,0,0.23322516679763794,0.7509850263595581,0
temporal_gnn,train,J03WOH_P1_F69689,J03WOH,1,0.8049248456954956,0.7509850263595581,1
temporal_gnn,train,J03WMX_P2_F129331,J03WMX,1,0.6008075475692749,0.7509850263595581,0
temporal_gnn,train,J03WN1_P1_F12725,J03WN1,0,0.4423808455467224,0.7509850263595581,0
temporal_gnn,train,J03WMX_P2_F145796,J03WMX,1,0.7596834301948547,0.7509850263595581,1
temporal_gnn,train,J03WMX_P2_F102463,J03WMX,1,0.919366717338562,0.7509850263595581,1
temporal_gnn,train,J03WMX_P1_F71823,J03WMX,1,0.8814573884010315,0.7509850263595581,1
temporal_gnn,train,J03WR9_P1_F17630,J03WR9,1,0.4932900369167328,0.7509850263595581,0
temporal_gnn,train,J03WOY_P1_F70611,J03WOY,1,0.9121692180633545,0.7509850263595581,1
temporal_gnn,train,J03WN1_P1_F11312,J03WN1,1,0.5174708366394043,0.7509850263595581,0
temporal_gnn,train,J03WOY_P2_F104320,J03WOY,0,0.46688318252563477,0.7509850263595581,0
temporal_gnn,train,J03WMX_P2_F173691,J03WMX,1,0.9268448948860168,0.7509850263595581,1
temporal_gnn,train,J03WMX_P2_F100257,J03WMX,1,0.8967446684837341,0.7509850263595581,1
temporal_gnn,train,J03WMX_P1_F24314,J03WMX,1,0.8771957159042358,0.7509850263595581,1
temporal_gnn,validation,J03WQQ_P1_F44341,J03WQQ,1,0.7814715504646301,0.7509850263595581,1
temporal_gnn,validation,J03WQQ_P1_F57778,J03WQQ,0,0.7281844615936279,0.7509850263595581,0
temporal_gnn,validation,J03WQQ_P2_F106772,J03WQQ,1,0.7509850263595581,0.7509850263595581,1
temporal_gnn,test,J03WPY_P1_F28712,J03WPY,0,0.40314438939094543,0.7509850263595581,0
temporal_gnn,test,J03WPY_P2_F144130,J03WPY,1,0.5872886776924133,0.7509850263595581,0
temporal_gnn,test,J03WPY_P2_F174015,J03WPY,1,0.4747094213962555,0.7509850263595581,0
