epoch,train_loss,validation_loss
1,0.7682260155677796,0.7445909976959229
2,0.6704300165176391,0.7082282900810242
3,0.6452080130577087,0.6910591125488281
4,0.5709517419338226,0.6829628944396973
5,0.562010931968689,0.6819718480110168
6,0.5791409969329834,0.677501380443573
7,0.5147871315479279,0.6850965619087219
8,0.5473093152046203,0.6777920126914978
9,0.5724894523620605,0.6653673648834229
10,0.536723655462265,0.649031937122345
11,0.4510774850845337,0.639880359172821
12,0.4631664872169495,0.6357853412628174
13,0.43284893929958346,0.6396280527114868
14,0.44725255370140077,0.6128366589546204
15,0.39660882353782656,0.6118592619895935
16,0.3503964155912399,0.643056333065033
17,0.324674716591835,0.68045973777771
18,0.3115725040435791,0.7153453826904297
19,0.3150331348180771,0.798163115978241
20,0.24537202417850495,0.818708598613739
21,0.19242232143878937,0.8683251738548279
